,Iteration,Time,Fitness,FEvals,Restarts,max_iters,current_restart
0,0,0.0004030000127386302,10.0,0.0,0,1000,0
1,1,0.00877250000485219,10.0,1.0,0,1000,0
2,2,0.008928299997933209,10.0,2.0,0,1000,0
3,3,0.00907790000201203,10.0,3.0,0,1000,0
4,4,0.009227900009136647,10.0,4.0,0,1000,0
5,5,0.009378000017022714,10.0,5.0,0,1000,0
6,6,0.009533800010103732,10.0,6.0,0,1000,0
7,7,0.009684000018751249,10.0,7.0,0,1000,0
8,8,0.009835900011239573,10.0,8.0,0,1000,0
9,9,0.00998600001912564,10.0,9.0,0,1000,0
10,10,0.010134900017874315,10.0,10.0,0,1000,0
11,11,0.010283400013577193,10.0,11.0,0,1000,0
12,12,0.010431300004711375,10.0,12.0,0,1000,0
13,13,0.010579800000414252,10.0,13.0,0,1000,0
14,14,0.010727400018367916,10.0,14.0,0,1000,0
15,15,0.010877200023969635,10.0,15.0,0,1000,0
16,16,0.011025900021195412,10.0,16.0,0,1000,0
17,17,0.011176200001500547,10.0,17.0,0,1000,0
18,18,0.011326700012432411,10.0,18.0,0,1000,0
19,19,0.011477200023364276,10.0,19.0,0,1000,0
20,20,0.011625700019067153,10.0,20.0,0,1000,0
21,21,0.011786400020355359,10.0,21.0,0,1000,0
22,22,0.011936900002183393,10.0,22.0,0,1000,0
23,23,0.012088000017683953,10.0,23.0,0,1000,0
24,24,0.012241500022355467,10.0,24.0,0,1000,0
25,25,0.012394100020173937,10.0,25.0,0,1000,0
26,26,0.012545800011139363,10.0,26.0,0,1000,0
27,27,0.012698000005912036,10.0,27.0,0,1000,0
28,28,0.012851300009060651,10.0,28.0,0,1000,0
29,29,0.013003400003071874,10.0,29.0,0,1000,0
30,30,0.013156000000890344,10.0,30.0,0,1000,0
31,31,0.013308299996424466,10.0,31.0,0,1000,0
32,32,0.013461299997288734,10.0,32.0,0,1000,0
33,33,0.013617800024803728,10.0,33.0,0,1000,0
34,34,0.013774200022453442,10.0,34.0,0,1000,0
35,35,0.01392710002255626,10.0,35.0,0,1000,0
36,36,0.014080499997362494,10.0,36.0,0,1000,0
37,37,0.014233499998226762,10.0,37.0,0,1000,0
38,38,0.014387200004421175,10.0,38.0,0,1000,0
39,39,0.014541500015184283,10.0,39.0,0,1000,0
40,40,0.014697300008265302,10.0,40.0,0,1000,0
41,41,0.014852499996777624,10.0,41.0,0,1000,0
42,42,0.01500710000982508,10.0,42.0,0,1000,0
43,43,0.015161800023633987,10.0,43.0,0,1000,0
44,44,0.015317500015953556,10.0,44.0,0,1000,0
45,45,0.015471899998374283,10.0,45.0,0,1000,0
46,46,0.015626100008375943,10.0,46.0,0,1000,0
47,47,0.015793099999427795,10.0,47.0,0,1000,0
48,48,0.0159511000092607,10.0,48.0,0,1000,0
49,49,0.016108600015286356,10.0,49.0,0,1000,0
50,50,0.016264700010651723,10.0,50.0,0,1000,0
51,51,0.01641900002141483,10.0,51.0,0,1000,0
52,52,0.01657620002515614,10.0,52.0,0,1000,0
53,53,0.016732200019760057,10.0,53.0,0,1000,0
54,54,0.01688860001740977,10.0,54.0,0,1000,0
55,55,0.01704450001125224,10.0,55.0,0,1000,0
56,56,0.01720170001499355,10.0,56.0,0,1000,0
57,57,0.017358100012643263,10.0,57.0,0,1000,0
58,58,0.01751410000724718,10.0,58.0,0,1000,0
59,59,0.017670700006419793,10.0,59.0,0,1000,0
60,60,0.017829000018537045,10.0,60.0,0,1000,0
61,61,0.017986200022278354,10.0,61.0,0,1000,0
62,62,0.018144300003768876,10.0,62.0,0,1000,0
63,63,0.018302900018170476,10.0,63.0,0,1000,0
64,64,0.01846510000177659,10.0,64.0,0,1000,0
65,65,0.01862680001067929,10.0,65.0,0,1000,0
66,66,0.018786100001307204,10.0,66.0,0,1000,0
67,67,0.018944300012663007,10.0,67.0,0,1000,0
68,68,0.01910669999779202,10.0,68.0,0,1000,0
69,69,0.019265000009909272,10.0,69.0,0,1000,0
70,70,0.019427400024142116,10.0,70.0,0,1000,0
71,71,0.019593200006056577,10.0,71.0,0,1000,0
72,72,0.019764299999224022,10.0,72.0,0,1000,0
73,73,0.019923900021240115,10.0,73.0,0,1000,0
74,74,0.020109300006879494,10.0,74.0,0,1000,0
75,75,0.020267200015950948,10.0,75.0,0,1000,0
76,76,0.0204286000225693,10.0,76.0,0,1000,0
77,77,0.020600700023351237,10.0,77.0,0,1000,0
78,78,0.020771600014995784,10.0,78.0,0,1000,0
79,79,0.02092940002330579,10.0,79.0,0,1000,0
80,80,0.02108610002323985,10.0,80.0,0,1000,0
81,81,0.021303600020473823,10.0,81.0,0,1000,0
82,82,0.021473700006026775,10.0,82.0,0,1000,0
83,83,0.02163760000257753,10.0,83.0,0,1000,0
84,84,0.02180909999879077,10.0,84.0,0,1000,0
85,85,0.021966700005577877,10.0,85.0,0,1000,0
86,86,0.02212780000991188,10.0,86.0,0,1000,0
87,87,0.022289900021860376,10.0,87.0,0,1000,0
88,88,0.022444400005042553,10.0,88.0,0,1000,0
89,89,0.022599500021897256,10.0,89.0,0,1000,0
90,90,0.022755700018024072,10.0,90.0,0,1000,0
91,91,0.0229103000019677,10.0,91.0,0,1000,0
92,92,0.02306700000190176,10.0,92.0,0,1000,0
93,93,0.023233900021295995,10.0,93.0,0,1000,0
94,94,0.02339330001268536,10.0,94.0,0,1000,0
95,95,0.023558500019134954,10.0,95.0,0,1000,0
96,96,0.023715200019069016,10.0,96.0,0,1000,0
97,97,0.023888199997600168,10.0,97.0,0,1000,0
98,98,0.024048699997365475,10.0,98.0,0,1000,0
99,99,0.024206900008721277,10.0,99.0,0,1000,0
100,100,0.024365300021599978,10.0,100.0,0,1000,0
101,101,0.02452500001527369,10.0,101.0,0,1000,0
102,102,0.0246880000049714,10.0,102.0,0,1000,0
103,103,0.024849100009305403,10.0,103.0,0,1000,0
104,104,0.02500650001456961,10.0,104.0,0,1000,0
105,105,0.025164300022879615,10.0,105.0,0,1000,0
106,106,0.02532210000208579,10.0,106.0,0,1000,0
107,107,0.02548080001724884,10.0,107.0,0,1000,0
108,108,0.025639800005592406,10.0,108.0,0,1000,0
109,109,0.025800000003073364,10.0,109.0,0,1000,0
110,110,0.02595930002280511,10.0,110.0,0,1000,0
111,111,0.026118000008864328,10.0,111.0,0,1000,0
112,112,0.026276700024027377,10.0,112.0,0,1000,0
113,113,0.0264374999969732,10.0,113.0,0,1000,0
114,114,0.02659760002279654,10.0,114.0,0,1000,0
115,115,0.026757200015708804,10.0,115.0,0,1000,0
116,116,0.026918400020804256,10.0,116.0,0,1000,0
117,117,0.027085900015663356,10.0,117.0,0,1000,0
118,118,0.02724530000705272,10.0,118.0,0,1000,0
119,119,0.027407500019762665,10.0,119.0,0,1000,0
120,120,0.027576799999224022,10.0,120.0,0,1000,0
121,121,0.027737900003558025,10.0,121.0,0,1000,0
122,122,0.027900600020075217,10.0,122.0,0,1000,0
123,123,0.02806180002517067,10.0,123.0,0,1000,0
124,124,0.028224900015629828,10.0,124.0,0,1000,0
125,125,0.02838740000152029,10.0,125.0,0,1000,0
126,126,0.02854930001194589,10.0,126.0,0,1000,0
127,127,0.028711400023894385,10.0,127.0,0,1000,0
128,128,0.028872900002170354,10.0,128.0,0,1000,0
129,129,0.029037200001766905,10.0,129.0,0,1000,0
130,130,0.029209400003310293,10.0,130.0,0,1000,0
131,131,0.029379200015682727,10.0,131.0,0,1000,0
132,132,0.029542000003857538,10.0,132.0,0,1000,0
133,133,0.02970320000895299,10.0,133.0,0,1000,0
134,134,0.029865300020901486,10.0,134.0,0,1000,0
135,135,0.030040700017707422,10.0,135.0,0,1000,0
136,136,0.030204800015781075,10.0,136.0,0,1000,0
137,137,0.030367900006240234,10.0,137.0,0,1000,0
138,138,0.03053119999822229,10.0,138.0,0,1000,0
139,139,0.03069470002083108,10.0,139.0,0,1000,0
140,140,0.030858200014336035,10.0,140.0,0,1000,0
141,141,0.031021400005556643,10.0,141.0,0,1000,0
142,142,0.031185200001345947,10.0,142.0,0,1000,0
143,143,0.031348800024716184,10.0,143.0,0,1000,0
144,144,0.03152140000020154,10.0,144.0,0,1000,0
145,145,0.031693700002506375,10.0,145.0,0,1000,0
146,146,0.031864300020970404,10.0,146.0,0,1000,0
147,147,0.03202900002361275,10.0,147.0,0,1000,0
148,148,0.03219430000171997,10.0,148.0,0,1000,0
149,149,0.032360300014261156,10.0,149.0,0,1000,0
150,150,0.032526199996937066,10.0,150.0,0,1000,0
151,151,0.03269200000795536,10.0,151.0,0,1000,0
152,152,0.0328577000182122,10.0,152.0,0,1000,0
153,153,0.03302370000164956,10.0,153.0,0,1000,0
154,154,0.03319080002256669,10.0,154.0,0,1000,0
155,155,0.03337740001734346,10.0,155.0,0,1000,0
156,156,0.03356770001119003,10.0,156.0,0,1000,0
157,157,0.033739900012733415,10.0,157.0,0,1000,0
158,158,0.033904300013091415,10.0,158.0,0,1000,0
159,159,0.03406780000659637,10.0,159.0,0,1000,0
160,160,0.03423390001989901,10.0,160.0,0,1000,0
161,161,0.03440270002465695,10.0,161.0,0,1000,0
162,162,0.03456580001511611,10.0,162.0,0,1000,0
163,163,0.03472900000633672,10.0,163.0,0,1000,0
164,164,0.034892399999080226,10.0,164.0,0,1000,0
165,165,0.03505649999715388,10.0,165.0,0,1000,0
166,166,0.03522070002509281,10.0,166.0,0,1000,0
167,167,0.035385900002438575,10.0,167.0,0,1000,0
168,168,0.035554700007196516,10.0,168.0,0,1000,0
169,169,0.0357242000172846,10.0,169.0,0,1000,0
170,170,0.03590260000783019,10.0,170.0,0,1000,0
171,171,0.036072000017156824,10.0,171.0,0,1000,0
172,172,0.03624169999966398,10.0,172.0,0,1000,0
173,173,0.036414200003491715,10.0,173.0,0,1000,0
174,174,0.036658800003351644,10.0,174.0,0,1000,0
175,175,0.03687000001082197,10.0,175.0,0,1000,0
176,176,0.0370800000091549,10.0,176.0,0,1000,0
177,177,0.037258500000461936,10.0,177.0,0,1000,0
178,178,0.037433500023325905,10.0,178.0,0,1000,0
179,179,0.03769990001455881,10.0,179.0,0,1000,0
180,180,0.03787900001043454,10.0,180.0,0,1000,0
181,181,0.038050000002840534,10.0,181.0,0,1000,0
182,182,0.03821950001292862,10.0,182.0,0,1000,0
183,183,0.03838990000076592,10.0,183.0,0,1000,0
184,184,0.03856340001220815,10.0,184.0,0,1000,0
185,185,0.038752200023736805,10.0,185.0,0,1000,0
186,186,0.03892200000700541,10.0,186.0,0,1000,0
187,187,0.03909220002242364,10.0,187.0,0,1000,0
188,188,0.03926270001102239,10.0,188.0,0,1000,0
189,189,0.039450100011890754,10.0,189.0,0,1000,0
190,190,0.039632300002267584,10.0,190.0,0,1000,0
191,191,0.039817600016249344,10.0,191.0,0,1000,0
192,192,0.04000380000798032,10.0,192.0,0,1000,0
193,193,0.04018540002289228,10.0,193.0,0,1000,0
194,194,0.040426200022920966,10.0,194.0,0,1000,0
195,195,0.04060070001287386,10.0,195.0,0,1000,0
196,196,0.0407751000020653,10.0,196.0,0,1000,0
197,197,0.04095180000877008,10.0,197.0,0,1000,0
198,198,0.04114310001023114,10.0,198.0,0,1000,0
199,199,0.0413311000156682,10.0,199.0,0,1000,0
200,200,0.04151570002431981,10.0,200.0,0,1000,0
201,201,0.041693200008012354,10.0,201.0,0,1000,0
202,202,0.04186970001319423,10.0,202.0,0,1000,0
203,203,0.04204640001989901,10.0,203.0,0,1000,0
204,204,0.0422217000159435,10.0,204.0,0,1000,0
205,205,0.04239740001503378,10.0,205.0,0,1000,0
206,206,0.04257440002402291,10.0,206.0,0,1000,0
207,207,0.04275000002235174,10.0,207.0,0,1000,0
208,208,0.04292639999766834,10.0,208.0,0,1000,0
209,209,0.04310270000132732,10.0,209.0,0,1000,0
210,210,0.04328490002080798,10.0,210.0,0,1000,0
211,211,0.04347309999866411,10.0,211.0,0,1000,0
212,212,0.043653400003677234,10.0,212.0,0,1000,0
213,213,0.0439656000235118,12.0,214.0,0,1000,0
214,214,0.04414300000644289,12.0,215.0,0,1000,0
215,215,0.04432110002380796,12.0,216.0,0,1000,0
216,216,0.044497700000647455,12.0,217.0,0,1000,0
217,217,0.04467590001877397,12.0,218.0,0,1000,0
218,218,0.04485299999942072,12.0,219.0,0,1000,0
219,219,0.045031100016785786,12.0,220.0,0,1000,0
220,220,0.04520870000123978,12.0,221.0,0,1000,0
221,221,0.045385200006421655,12.0,222.0,0,1000,0
222,222,0.04556359999696724,12.0,223.0,0,1000,0
223,223,0.045744000002741814,12.0,224.0,0,1000,0
224,224,0.045921500015538186,12.0,225.0,0,1000,0
225,225,0.046099300001515076,12.0,226.0,0,1000,0
226,226,0.046278499998152256,12.0,227.0,0,1000,0
227,227,0.04645829999935813,12.0,228.0,0,1000,0
228,228,0.0466370000212919,12.0,229.0,0,1000,0
229,229,0.046816700021736324,12.0,230.0,0,1000,0
230,230,0.04699520001304336,12.0,231.0,0,1000,0
231,231,0.04717390000587329,12.0,232.0,0,1000,0
232,232,0.04735320000327192,12.0,233.0,0,1000,0
233,233,0.047686100006103516,14.0,235.0,0,1000,0
234,234,0.04787310000392608,14.0,236.0,0,1000,0
235,235,0.0480546000180766,14.0,237.0,0,1000,0
236,236,0.04823539999779314,14.0,238.0,0,1000,0
237,237,0.04841590000432916,14.0,239.0,0,1000,0
238,238,0.04859630001010373,14.0,240.0,0,1000,0
239,239,0.0487771000189241,14.0,241.0,0,1000,0
240,240,0.04895670001860708,14.0,242.0,0,1000,0
241,241,0.049136900022858754,14.0,243.0,0,1000,0
242,242,0.04931820000638254,14.0,244.0,0,1000,0
243,243,0.049501100002089515,14.0,245.0,0,1000,0
244,244,0.04968260001624003,14.0,246.0,0,1000,0
245,245,0.04986759999883361,14.0,247.0,0,1000,0
246,246,0.05005130000063218,14.0,248.0,0,1000,0
247,247,0.050233000016305596,14.0,249.0,0,1000,0
248,248,0.05041500000515953,14.0,250.0,0,1000,0
249,249,0.05059960001381114,14.0,251.0,0,1000,0
250,250,0.05078340001637116,14.0,252.0,0,1000,0
251,251,0.05096740002045408,14.0,253.0,0,1000,0
252,252,0.0511535000114236,14.0,254.0,0,1000,0
253,253,0.05133899999782443,14.0,255.0,0,1000,0
254,254,0.05153210001299158,14.0,256.0,0,1000,0
255,255,0.05172590000438504,14.0,257.0,0,1000,0
256,256,0.05191280000144616,14.0,258.0,0,1000,0
257,257,0.05209720000857487,14.0,259.0,0,1000,0
258,258,0.05228160001570359,14.0,260.0,0,1000,0
259,259,0.05247890000464395,14.0,261.0,0,1000,0
260,260,0.05273310001939535,14.0,262.0,0,1000,0
261,261,0.05293920001713559,14.0,263.0,0,1000,0
262,262,0.05315600000903942,14.0,264.0,0,1000,0
263,263,0.05336020002141595,14.0,265.0,0,1000,0
264,264,0.05357830002321862,14.0,266.0,0,1000,0
265,265,0.05383230000734329,14.0,267.0,0,1000,0
266,266,0.05403700002352707,14.0,268.0,0,1000,0
267,267,0.05423229999723844,14.0,269.0,0,1000,0
268,268,0.054427499999292195,14.0,270.0,0,1000,0
269,269,0.05462629999965429,14.0,271.0,0,1000,0
270,270,0.05482260001008399,14.0,272.0,0,1000,0
271,271,0.05501790001289919,14.0,273.0,0,1000,0
272,272,0.05521810002392158,14.0,274.0,0,1000,0
273,273,0.055433500005165115,14.0,275.0,0,1000,0
274,274,0.0556372000137344,14.0,276.0,0,1000,0
275,275,0.055837899999460205,14.0,277.0,0,1000,0
276,276,0.05603620002511889,14.0,278.0,0,1000,0
277,277,0.056233800016343594,14.0,279.0,0,1000,0
278,278,0.05643290001899004,14.0,280.0,0,1000,0
279,279,0.05663279999862425,14.0,281.0,0,1000,0
280,280,0.056830700021237135,14.0,282.0,0,1000,0
281,281,0.05702850001398474,14.0,283.0,0,1000,0
282,282,0.05722529999911785,14.0,284.0,0,1000,0
283,283,0.057423200021730736,14.0,285.0,0,1000,0
284,284,0.057625000015832484,14.0,286.0,0,1000,0
285,285,0.05782560000079684,14.0,287.0,0,1000,0
286,286,0.05802610001410358,14.0,288.0,0,1000,0
287,287,0.05822520001675002,14.0,289.0,0,1000,0
288,288,0.058423400012543425,14.0,290.0,0,1000,0
289,289,0.05862250001518987,14.0,291.0,0,1000,0
290,290,0.058821800019359216,14.0,292.0,0,1000,0
291,291,0.05902010001591407,14.0,293.0,0,1000,0
292,292,0.05922100000316277,14.0,294.0,0,1000,0
293,293,0.059429600019939244,14.0,295.0,0,1000,0
294,294,0.05963360000168905,14.0,296.0,0,1000,0
295,295,0.05983500002184883,14.0,297.0,0,1000,0
296,296,0.06003740002051927,14.0,298.0,0,1000,0
297,297,0.060241500003030524,14.0,299.0,0,1000,0
298,298,0.06044500001007691,14.0,300.0,0,1000,0
299,299,0.0606479000125546,14.0,301.0,0,1000,0
300,300,0.06085070001427084,14.0,302.0,0,1000,0
301,301,0.06105450002360158,14.0,303.0,0,1000,0
302,302,0.06125660001998767,14.0,304.0,0,1000,0
303,303,0.06146130000706762,14.0,305.0,0,1000,0
304,304,0.06167049999930896,14.0,306.0,0,1000,0
305,305,0.06188799999654293,14.0,307.0,0,1000,0
306,306,0.06211820000316948,14.0,308.0,0,1000,0
307,307,0.062327500025276095,14.0,309.0,0,1000,0
308,308,0.06256250001024455,14.0,310.0,0,1000,0
309,309,0.06277380001847632,14.0,311.0,0,1000,0
310,310,0.06297680002171546,14.0,312.0,0,1000,0
311,311,0.06318070000270382,14.0,313.0,0,1000,0
312,312,0.06338249999680556,14.0,314.0,0,1000,0
313,313,0.06359700000029989,14.0,315.0,0,1000,0
314,314,0.06380390000413172,14.0,316.0,0,1000,0
315,315,0.06400770001346245,14.0,317.0,0,1000,0
316,316,0.06421390001196414,14.0,318.0,0,1000,0
317,317,0.06441790002281778,14.0,319.0,0,1000,0
318,318,0.06462109999847598,14.0,320.0,0,1000,0
319,319,0.06482600001618266,14.0,321.0,0,1000,0
320,320,0.06502890001866035,14.0,322.0,0,1000,0
321,321,0.0652346000133548,14.0,323.0,0,1000,0
322,322,0.06543850002344698,14.0,324.0,0,1000,0
323,323,0.06564570000045933,14.0,325.0,0,1000,0
324,324,0.0658504000166431,14.0,326.0,0,1000,0
325,325,0.06605410002521239,14.0,327.0,0,1000,0
326,326,0.06625900001381524,14.0,328.0,0,1000,0
327,327,0.06646490001003258,14.0,329.0,0,1000,0
328,328,0.06667040000320412,14.0,330.0,0,1000,0
329,329,0.06687520002014935,14.0,331.0,0,1000,0
330,330,0.06707940000342205,14.0,332.0,0,1000,0
331,331,0.06728420002036728,14.0,333.0,0,1000,0
332,332,0.06748980001430027,14.0,334.0,0,1000,0
333,333,0.06769580001127906,14.0,335.0,0,1000,0
334,334,0.0679023000120651,14.0,336.0,0,1000,0
335,335,0.06810830000904389,14.0,337.0,0,1000,0
336,336,0.06831470000906847,14.0,338.0,0,1000,0
337,337,0.06857329999911599,14.0,339.0,0,1000,0
338,338,0.06881490000523627,14.0,340.0,0,1000,0
339,339,0.0690228000166826,14.0,341.0,0,1000,0
340,340,0.06922820000909269,14.0,342.0,0,1000,0
341,341,0.06943270002375357,14.0,343.0,0,1000,0
342,342,0.06964110000990331,14.0,344.0,0,1000,0
343,343,0.06984930002363399,14.0,345.0,0,1000,0
344,344,0.07005910002044402,14.0,346.0,0,1000,0
345,345,0.0702694000210613,14.0,347.0,0,1000,0
346,346,0.07047830001101829,14.0,348.0,0,1000,0
347,347,0.07068950001848862,14.0,349.0,0,1000,0
348,348,0.07090420002350584,14.0,350.0,0,1000,0
349,349,0.07111499999882653,14.0,351.0,0,1000,0
350,350,0.0713244000216946,14.0,352.0,0,1000,0
351,351,0.07153529999777675,14.0,353.0,0,1000,0
352,352,0.07174490002216771,14.0,354.0,0,1000,0
353,353,0.0719575000111945,14.0,355.0,0,1000,0
354,354,0.07216910002171062,14.0,356.0,0,1000,0
355,355,0.07237910002004355,14.0,357.0,0,1000,0
356,356,0.07258980002370663,14.0,358.0,0,1000,0
357,357,0.07280210001044907,14.0,359.0,0,1000,0
358,358,0.0730125000118278,14.0,360.0,0,1000,0
359,359,0.07322310001472943,14.0,361.0,0,1000,0
360,360,0.0734342000214383,14.0,362.0,0,1000,0
361,361,0.07364630000665784,14.0,363.0,0,1000,0
362,362,0.07385750001412816,14.0,364.0,0,1000,0
363,363,0.07406929999706335,14.0,365.0,0,1000,0
364,364,0.07428160001290962,14.0,366.0,0,1000,0
365,365,0.07449369999812916,14.0,367.0,0,1000,0
366,366,0.07470590001321398,14.0,368.0,0,1000,0
367,367,0.07491819999995641,14.0,369.0,0,1000,0
368,368,0.07513110002037138,14.0,370.0,0,1000,0
369,369,0.07534470001701266,14.0,371.0,0,1000,0
370,370,0.07555840001441538,14.0,372.0,0,1000,0
371,371,0.07577170000877231,14.0,373.0,0,1000,0
372,372,0.07598520000465214,14.0,374.0,0,1000,0
373,373,0.07619780002278276,14.0,375.0,0,1000,0
374,374,0.0764125999994576,14.0,376.0,0,1000,0
375,375,0.07662790000904351,14.0,377.0,0,1000,0
376,376,0.07684780002455227,14.0,378.0,0,1000,0
377,377,0.07706260000122711,14.0,379.0,0,1000,0
378,378,0.07727650000015274,14.0,380.0,0,1000,0
379,379,0.07749140000669286,14.0,381.0,0,1000,0
380,380,0.07770930000697263,14.0,382.0,0,1000,0
381,381,0.0779245000157971,14.0,383.0,0,1000,0
382,382,0.07813930002157576,14.0,384.0,0,1000,0
383,383,0.07835620001424104,14.0,385.0,0,1000,0
384,384,0.07857240000157617,14.0,386.0,0,1000,0
385,385,0.07878800001344644,14.0,387.0,0,1000,0
386,386,0.07900270001846366,14.0,388.0,0,1000,0
387,387,0.07921799999894574,14.0,389.0,0,1000,0
388,388,0.07943230000091717,14.0,390.0,0,1000,0
389,389,0.07964870001887903,14.0,391.0,0,1000,0
390,390,0.07986670001992024,14.0,392.0,0,1000,0
391,391,0.08008210000116378,14.0,393.0,0,1000,0
392,392,0.08029920002445579,14.0,394.0,0,1000,0
393,393,0.08051580001483671,14.0,395.0,0,1000,0
394,394,0.08073680000961758,14.0,396.0,0,1000,0
395,395,0.08095360000152141,14.0,397.0,0,1000,0
396,396,0.08117119999951683,14.0,398.0,0,1000,0
397,397,0.08138790001976304,14.0,399.0,0,1000,0
398,398,0.08160520001547411,14.0,400.0,0,1000,0
399,399,0.08182720001786947,14.0,401.0,0,1000,0
400,400,0.08204540002043359,14.0,402.0,0,1000,0
401,401,0.08226510000531562,14.0,403.0,0,1000,0
402,402,0.08248460001777858,14.0,404.0,0,1000,0
403,403,0.0827036999980919,14.0,405.0,0,1000,0
404,404,0.08292250000522472,14.0,406.0,0,1000,0
405,405,0.08314210001844913,14.0,407.0,0,1000,0
406,406,0.08336070002405904,14.0,408.0,0,1000,0
407,407,0.08362099999794737,14.0,409.0,0,1000,0
408,408,0.08387460000813007,14.0,410.0,0,1000,0
409,409,0.08409930000198074,14.0,411.0,0,1000,0
410,410,0.08432760002324358,14.0,412.0,0,1000,0
411,411,0.08454579999670386,14.0,413.0,0,1000,0
412,412,0.0847494000045117,14.0,414.0,0,1000,0
413,413,0.08495360001688823,14.0,415.0,0,1000,0
414,414,0.08515680002165027,14.0,416.0,0,1000,0
415,415,0.08535960002336651,14.0,417.0,0,1000,0
416,416,0.08556450001196936,14.0,418.0,0,1000,0
417,417,0.0857694000005722,14.0,419.0,0,1000,0
418,418,0.08597280000685714,14.0,420.0,0,1000,0
419,419,0.08617620001314208,14.0,421.0,0,1000,0
420,420,0.08637980002094992,14.0,422.0,0,1000,0
421,421,0.08660180002334528,14.0,423.0,0,1000,0
422,422,0.08683720001135953,14.0,424.0,0,1000,0
423,423,0.08708409999962896,14.0,425.0,0,1000,0
424,424,0.08730790001573041,14.0,426.0,0,1000,0
425,425,0.08753560000332072,14.0,427.0,0,1000,0
426,426,0.08774450002238154,14.0,428.0,0,1000,0
427,427,0.08795400001690723,14.0,429.0,0,1000,0
428,428,0.08816400001524016,14.0,430.0,0,1000,0
429,429,0.0883740000135731,14.0,431.0,0,1000,0
430,430,0.08858550002332777,14.0,432.0,0,1000,0
431,431,0.08879520001937635,14.0,433.0,0,1000,0
432,432,0.08900480001466349,14.0,434.0,0,1000,0
433,433,0.08921570001984946,14.0,435.0,0,1000,0
434,434,0.0894259000197053,14.0,436.0,0,1000,0
435,435,0.08963680002489127,14.0,437.0,0,1000,0
436,436,0.08984719999716617,14.0,438.0,0,1000,0
437,437,0.09005790000082925,14.0,439.0,0,1000,0
438,438,0.09026860000449233,14.0,440.0,0,1000,0
439,439,0.09048060001805425,14.0,441.0,0,1000,0
440,440,0.09069120002095588,14.0,442.0,0,1000,0
441,441,0.09090260000084527,14.0,443.0,0,1000,0
442,442,0.09111720000510104,14.0,444.0,0,1000,0
443,443,0.0913299000239931,14.0,445.0,0,1000,0
444,444,0.09154200000921264,14.0,446.0,0,1000,0
445,445,0.09175520000280812,14.0,447.0,0,1000,0
446,446,0.09196830002474599,14.0,448.0,0,1000,0
447,447,0.09218040000996552,14.0,449.0,0,1000,0
448,448,0.092393600003561,14.0,450.0,0,1000,0
449,449,0.09261100000003353,14.0,451.0,0,1000,0
450,450,0.09282550000352785,14.0,452.0,0,1000,0
451,451,0.09304050001082942,14.0,453.0,0,1000,0
452,452,0.093253500002902,14.0,454.0,0,1000,0
453,453,0.09346750000258908,14.0,455.0,0,1000,0
454,454,0.09368230000836775,14.0,456.0,0,1000,0
455,455,0.09389630000805482,14.0,457.0,0,1000,0
456,456,0.09411060001002625,14.0,458.0,0,1000,0
457,457,0.09432780000497587,14.0,459.0,0,1000,0
458,458,0.09454290001303889,14.0,460.0,0,1000,0
459,459,0.09475780001957901,14.0,461.0,0,1000,0
460,460,0.09497340000234544,14.0,462.0,0,1000,0
461,461,0.09518930001650006,14.0,463.0,0,1000,0
462,462,0.09540560000459664,14.0,464.0,0,1000,0
463,463,0.09563380002509803,14.0,465.0,0,1000,0
464,464,0.09586440000566654,14.0,466.0,0,1000,0
465,465,0.09609470001305453,14.0,467.0,0,1000,0
466,466,0.09632480001891963,14.0,468.0,0,1000,0
467,467,0.09655080002266914,14.0,469.0,0,1000,0
468,468,0.09676280000712723,14.0,470.0,0,1000,0
469,469,0.09697559999767691,14.0,471.0,0,1000,0
470,470,0.09718720000819303,14.0,472.0,0,1000,0
471,471,0.09739989999798127,14.0,473.0,0,1000,0
472,472,0.09761260001687333,14.0,474.0,0,1000,0
473,473,0.09782590001123026,14.0,475.0,0,1000,0
474,474,0.09803650001413189,14.0,476.0,0,1000,0
475,475,0.09825020001153462,14.0,477.0,0,1000,0
476,476,0.09846269999979995,14.0,478.0,0,1000,0
477,477,0.09867580002173781,14.0,479.0,0,1000,0
478,478,0.0988892000168562,14.0,480.0,0,1000,0
479,479,0.09910420002415776,14.0,481.0,0,1000,0
480,480,0.09931800002232194,14.0,482.0,0,1000,0
481,481,0.09953400000813417,14.0,483.0,0,1000,0
482,482,0.09984070001519285,14.0,484.0,0,1000,0
483,483,0.10007840002072044,14.0,485.0,0,1000,0
484,484,0.1003058000060264,14.0,486.0,0,1000,0
485,485,0.10053009999683127,14.0,487.0,0,1000,0
486,486,0.10076950001530349,14.0,488.0,0,1000,0
487,487,0.10101189999841154,14.0,489.0,0,1000,0
488,488,0.10124660001019947,14.0,490.0,0,1000,0
489,489,0.10147690001758747,14.0,491.0,0,1000,0
490,490,0.10169890001998283,14.0,492.0,0,1000,0
491,491,0.10192190000088885,14.0,493.0,0,1000,0
492,492,0.10214410000480711,14.0,494.0,0,1000,0
493,493,0.10236469999654219,14.0,495.0,0,1000,0
494,494,0.102586799999699,14.0,496.0,0,1000,0
495,495,0.10280829999828711,14.0,497.0,0,1000,0
496,496,0.10302940002293326,14.0,498.0,0,1000,0
497,497,0.10327079999842681,14.0,499.0,0,1000,0
498,498,0.10350840000319295,14.0,500.0,0,1000,0
499,499,0.10375970002496615,14.0,501.0,0,1000,0
500,500,0.10400580000714399,14.0,502.0,0,1000,0
501,501,0.10423260001698509,14.0,503.0,0,1000,0
502,502,0.10445830001845025,14.0,504.0,0,1000,0
503,503,0.10468640000908636,14.0,505.0,0,1000,0
504,504,0.10491360002197325,14.0,506.0,0,1000,0
505,505,0.10513959999661893,14.0,507.0,0,1000,0
506,506,0.10536740001407452,14.0,508.0,0,1000,0
507,507,0.10560440001427196,14.0,509.0,0,1000,0
508,508,0.10583290000795387,14.0,510.0,0,1000,0
509,509,0.10606140000163577,14.0,511.0,0,1000,0
510,510,0.10629260001587681,14.0,512.0,0,1000,0
511,511,0.10652080000727437,14.0,513.0,0,1000,0
512,512,0.10674889999791048,14.0,514.0,0,1000,0
513,513,0.10697690001688898,14.0,515.0,0,1000,0
514,514,0.10720470000524074,14.0,516.0,0,1000,0
515,515,0.10743299999739975,14.0,517.0,0,1000,0
516,516,0.10766140001942404,14.0,518.0,0,1000,0
517,517,0.10789090002072044,14.0,519.0,0,1000,0
518,518,0.10812080002506264,14.0,520.0,0,1000,0
519,519,0.10834980002255179,14.0,521.0,0,1000,0
520,520,0.10857840001699515,14.0,522.0,0,1000,0
521,521,0.10881020000670105,14.0,523.0,0,1000,0
522,522,0.10904160002246499,14.0,524.0,0,1000,0
523,523,0.10927110002376139,14.0,525.0,0,1000,0
524,524,0.10950120000052266,14.0,526.0,0,1000,0
525,525,0.10973190001095645,14.0,527.0,0,1000,0
526,526,0.1099623000191059,14.0,528.0,0,1000,0
527,527,0.1101922000234481,14.0,529.0,0,1000,0
528,528,0.11042390001239255,14.0,530.0,0,1000,0
529,529,0.11065730001428165,14.0,531.0,0,1000,0
530,530,0.1108888000017032,14.0,532.0,0,1000,0
531,531,0.11113230002229102,14.0,533.0,0,1000,0
532,532,0.11136420001275837,14.0,534.0,0,1000,0
533,533,0.11159610000322573,14.0,535.0,0,1000,0
534,534,0.11182820002431981,14.0,536.0,0,1000,0
535,535,0.11206210000091232,14.0,537.0,0,1000,0
536,536,0.1122946000250522,14.0,538.0,0,1000,0
537,537,0.11252809999859892,14.0,539.0,0,1000,0
538,538,0.11276170000201091,14.0,540.0,0,1000,0
539,539,0.11299500000313856,14.0,541.0,0,1000,0
540,540,0.11322840000502765,14.0,542.0,0,1000,0
541,541,0.11346120000234805,14.0,543.0,0,1000,0
542,542,0.11369550001109019,14.0,544.0,0,1000,0
543,543,0.11393000002135523,14.0,545.0,0,1000,0
544,544,0.11416420000023209,14.0,546.0,0,1000,0
545,545,0.11439719999907538,14.0,547.0,0,1000,0
546,546,0.11463150000781752,14.0,548.0,0,1000,0
547,547,0.11486430000513792,14.0,549.0,0,1000,0
548,548,0.11509669999941252,14.0,550.0,0,1000,0
549,549,0.11532690000603907,14.0,551.0,0,1000,0
550,550,0.11569390000659041,15.0,553.0,0,1000,0
551,551,0.11592020001262426,15.0,554.0,0,1000,0
552,552,0.11614560001180507,15.0,555.0,0,1000,0
553,553,0.11637090001022443,15.0,556.0,0,1000,0
554,554,0.11659750001854263,15.0,557.0,0,1000,0
555,555,0.11682310001924634,15.0,558.0,0,1000,0
556,556,0.11705020000226796,15.0,559.0,0,1000,0
557,557,0.11727600000449456,15.0,560.0,0,1000,0
558,558,0.11750230001052842,15.0,561.0,0,1000,0
559,559,0.11772800001199357,15.0,562.0,0,1000,0
560,560,0.11795580000034533,15.0,563.0,0,1000,0
561,561,0.11818160000257194,15.0,564.0,0,1000,0
562,562,0.11840810001012869,15.0,565.0,0,1000,0
563,563,0.1186341000138782,15.0,566.0,0,1000,0
564,564,0.11886430002050474,15.0,567.0,0,1000,0
565,565,0.11917099999845959,15.0,568.0,0,1000,0
566,566,0.11940610001329333,15.0,569.0,0,1000,0
567,567,0.11964540000190027,15.0,570.0,0,1000,0
568,568,0.11990760001935996,15.0,571.0,0,1000,0
569,569,0.12016780002159066,15.0,572.0,0,1000,0
570,570,0.12043070001527667,15.0,573.0,0,1000,0
571,571,0.1206751000136137,15.0,574.0,0,1000,0
572,572,0.12090100001660176,15.0,575.0,0,1000,0
573,573,0.12112510000588372,15.0,576.0,0,1000,0
574,574,0.12135200001648627,15.0,577.0,0,1000,0
575,575,0.12157860002480447,15.0,578.0,0,1000,0
576,576,0.12180340001941659,15.0,579.0,0,1000,0
577,577,0.12202750000869855,15.0,580.0,0,1000,0
578,578,0.12225210000178777,15.0,581.0,0,1000,0
579,579,0.12247630002093501,15.0,582.0,0,1000,0
580,580,0.12270140001783147,15.0,583.0,0,1000,0
581,581,0.12292770002386533,15.0,584.0,0,1000,0
582,582,0.1231534999969881,15.0,585.0,0,1000,0
583,583,0.12337890002527274,15.0,586.0,0,1000,0
584,584,0.12360459999763407,15.0,587.0,0,1000,0
585,585,0.12386990000959486,15.0,588.0,0,1000,0
586,586,0.1241044000198599,15.0,589.0,0,1000,0
587,587,0.12433180000516586,15.0,590.0,0,1000,0
588,588,0.12456140000722371,15.0,591.0,0,1000,0
589,589,0.12479070000699721,15.0,592.0,0,1000,0
590,590,0.12502190002123825,15.0,593.0,0,1000,0
591,591,0.1252507000172045,15.0,594.0,0,1000,0
592,592,0.12547840000479482,15.0,595.0,0,1000,0
593,593,0.12571120000211522,15.0,596.0,0,1000,0
594,594,0.12596490001305938,15.0,597.0,0,1000,0
595,595,0.12619810001342557,15.0,598.0,0,1000,0
596,596,0.12642960000084713,15.0,599.0,0,1000,0
597,597,0.12666249999892898,15.0,600.0,0,1000,0
598,598,0.12689610000234097,15.0,601.0,0,1000,0
599,599,0.12712889999966137,15.0,602.0,0,1000,0
600,600,0.12736120002227835,15.0,603.0,0,1000,0
601,601,0.12759460002416745,15.0,604.0,0,1000,0
602,602,0.12782890000380576,15.0,605.0,0,1000,0
603,603,0.1280650999979116,15.0,606.0,0,1000,0
604,604,0.1282995000074152,15.0,607.0,0,1000,0
605,605,0.12853360001463443,15.0,608.0,0,1000,0
606,606,0.12876780002261512,15.0,609.0,0,1000,0
607,607,0.12900250000529923,15.0,610.0,0,1000,0
608,608,0.1292373000178486,15.0,611.0,0,1000,0
609,609,0.1294713000243064,15.0,612.0,0,1000,0
610,610,0.1297056000039447,15.0,613.0,0,1000,0
611,611,0.12993990001268685,15.0,614.0,0,1000,0
612,612,0.13017479999689385,15.0,615.0,0,1000,0
613,613,0.13041070001781918,15.0,616.0,0,1000,0
614,614,0.13064720001420937,15.0,617.0,0,1000,0
615,615,0.13088380001136102,15.0,618.0,0,1000,0
616,616,0.13111850002314895,15.0,619.0,0,1000,0
617,617,0.13135280000278726,15.0,620.0,0,1000,0
618,618,0.1315887000237126,15.0,621.0,0,1000,0
619,619,0.13186940000741743,15.0,622.0,0,1000,0
620,620,0.13211340000270866,15.0,623.0,0,1000,0
621,621,0.13235010000062175,15.0,624.0,0,1000,0
622,622,0.13259220001054928,15.0,625.0,0,1000,0
623,623,0.13282930001150817,15.0,626.0,0,1000,0
624,624,0.13306930000544526,15.0,627.0,0,1000,0
625,625,0.13331150001613423,15.0,628.0,0,1000,0
626,626,0.13355260001844727,15.0,629.0,0,1000,0
627,627,0.13379590000840835,15.0,630.0,0,1000,0
628,628,0.13403810001909733,15.0,631.0,0,1000,0
629,629,0.13427629999932833,15.0,632.0,0,1000,0
630,630,0.13451420000637881,15.0,633.0,0,1000,0
631,631,0.1347562000155449,15.0,634.0,0,1000,0
632,632,0.13499469999806024,15.0,635.0,0,1000,0
633,633,0.13523410001653247,15.0,636.0,0,1000,0
634,634,0.13547290000133216,15.0,637.0,0,1000,0
635,635,0.1357152000127826,15.0,638.0,0,1000,0
636,636,0.13596620000316761,15.0,639.0,0,1000,0
637,637,0.13621280001825653,15.0,640.0,0,1000,0
638,638,0.13645580000593327,15.0,641.0,0,1000,0
639,639,0.136707400000887,15.0,642.0,0,1000,0
640,640,0.1369593999988865,15.0,643.0,0,1000,0
641,641,0.13721360001363792,15.0,644.0,0,1000,0
642,642,0.13746870000613853,15.0,645.0,0,1000,0
643,643,0.13772270001936704,15.0,646.0,0,1000,0
644,644,0.13796790002379566,15.0,647.0,0,1000,0
645,645,0.1382127000251785,15.0,648.0,0,1000,0
646,646,0.13845690002199262,15.0,649.0,0,1000,0
647,647,0.1387031000049319,15.0,650.0,0,1000,0
648,648,0.1389476000040304,15.0,651.0,0,1000,0
649,649,0.13919320001150481,15.0,652.0,0,1000,0
650,650,0.1394414000096731,15.0,653.0,0,1000,0
651,651,0.13968660001410171,15.0,654.0,0,1000,0
652,652,0.13993060000939295,15.0,655.0,0,1000,0
653,653,0.14017670002067462,15.0,656.0,0,1000,0
654,654,0.14041890000225976,15.0,657.0,0,1000,0
655,655,0.14066050000838004,15.0,658.0,0,1000,0
656,656,0.14090270001906902,15.0,659.0,0,1000,0
657,657,0.14114590000826865,15.0,660.0,0,1000,0
658,658,0.14139860001159832,15.0,661.0,0,1000,0
659,659,0.1416441000183113,15.0,662.0,0,1000,0
660,660,0.1418864000006579,15.0,663.0,0,1000,0
661,661,0.14213079999899492,15.0,664.0,0,1000,0
662,662,0.14237500002491288,15.0,665.0,0,1000,0
663,663,0.14262009999947622,15.0,666.0,0,1000,0
664,664,0.1428633000177797,15.0,667.0,0,1000,0
665,665,0.14310820001992397,15.0,668.0,0,1000,0
666,666,0.1433547000051476,15.0,669.0,0,1000,0
667,667,0.14360170002328232,15.0,670.0,0,1000,0
668,668,0.14384780000546016,15.0,671.0,0,1000,0
669,669,0.14410360000329092,15.0,672.0,0,1000,0
670,670,0.14436070001102053,15.0,673.0,0,1000,0
671,671,0.144605200010119,15.0,674.0,0,1000,0
672,672,0.14484800002537668,15.0,675.0,0,1000,0
673,673,0.14509850001195446,15.0,676.0,0,1000,0
674,674,0.14534420002019033,15.0,677.0,0,1000,0
675,675,0.14558880002005026,15.0,678.0,0,1000,0
676,676,0.14583360002143309,15.0,679.0,0,1000,0
677,677,0.1460786000243388,15.0,680.0,0,1000,0
678,678,0.1463237999996636,15.0,681.0,0,1000,0
679,679,0.14656970000942238,15.0,682.0,0,1000,0
680,680,0.14683270000386983,15.0,683.0,0,1000,0
681,681,0.14707890001591295,15.0,684.0,0,1000,0
682,682,0.14732509999885224,15.0,685.0,0,1000,0
683,683,0.14757210001698695,15.0,686.0,0,1000,0
684,684,0.14781809999840334,15.0,687.0,0,1000,0
685,685,0.148064200009685,15.0,688.0,0,1000,0
686,686,0.1483114000002388,15.0,689.0,0,1000,0
687,687,0.14855870002065785,15.0,690.0,0,1000,0
688,688,0.14880490000359714,15.0,691.0,0,1000,0
689,689,0.14905259999795817,15.0,692.0,0,1000,0
690,690,0.14930080002523027,15.0,693.0,0,1000,0
691,691,0.14954929999657907,15.0,694.0,0,1000,0
692,692,0.14979720002156682,15.0,695.0,0,1000,0
693,693,0.15005380002548918,15.0,696.0,0,1000,0
694,694,0.150308500014944,15.0,697.0,0,1000,0
695,695,0.15056270000059158,15.0,698.0,0,1000,0
696,696,0.1508159000077285,15.0,699.0,0,1000,0
697,697,0.15107230001012795,15.0,700.0,0,1000,0
698,698,0.1513225000235252,15.0,701.0,0,1000,0
699,699,0.15157270000781864,15.0,702.0,0,1000,0
700,700,0.15182220001588576,15.0,703.0,0,1000,0
701,701,0.15210669999942183,15.0,704.0,0,1000,0
702,702,0.1524171000055503,15.0,705.0,0,1000,0
703,703,0.15267550002317876,15.0,706.0,0,1000,0
704,704,0.15292700001737103,15.0,707.0,0,1000,0
705,705,0.1531832000182476,15.0,708.0,0,1000,0
706,706,0.15345410001464188,15.0,709.0,0,1000,0
707,707,0.1537125000031665,15.0,710.0,0,1000,0
708,708,0.1539805000065826,15.0,711.0,0,1000,0
709,709,0.15426209999714047,15.0,712.0,0,1000,0
710,710,0.15454580000368878,15.0,713.0,0,1000,0
711,711,0.15481239999644458,15.0,714.0,0,1000,0
712,712,0.15507020000950433,15.0,715.0,0,1000,0
713,713,0.15532770002027974,15.0,716.0,0,1000,0
714,714,0.1555829000135418,15.0,717.0,0,1000,0
715,715,0.15603420001571067,15.0,718.0,0,1000,0
716,716,0.1563130000140518,15.0,719.0,0,1000,0
717,717,0.15657410002313554,15.0,720.0,0,1000,0
718,718,0.15683230001013726,15.0,721.0,0,1000,0
719,719,0.15709250001236796,15.0,722.0,0,1000,0
720,720,0.15734920001705177,15.0,723.0,0,1000,0
721,721,0.15760800000862218,15.0,724.0,0,1000,0
722,722,0.15786580002168193,15.0,725.0,0,1000,0
723,723,0.15812750000623055,15.0,726.0,0,1000,0
724,724,0.15838649999932386,15.0,727.0,0,1000,0
725,725,0.15864639999927022,15.0,728.0,0,1000,0
726,726,0.15890540002146736,15.0,729.0,0,1000,0
727,727,0.15916589999687858,15.0,730.0,0,1000,0
728,728,0.15942500001983717,15.0,731.0,0,1000,0
729,729,0.15968540002359077,15.0,732.0,0,1000,0
730,730,0.15994700000737794,15.0,733.0,0,1000,0
731,731,0.16020640000351705,15.0,734.0,0,1000,0
732,732,0.16046600000117905,15.0,735.0,0,1000,0
733,733,0.160726700007217,15.0,736.0,0,1000,0
734,734,0.16098760001477785,15.0,737.0,0,1000,0
735,735,0.1612477000162471,15.0,738.0,0,1000,0
736,736,0.16150750001543202,15.0,739.0,0,1000,0
737,737,0.16176840002299286,15.0,740.0,0,1000,0
738,738,0.16202780001913197,15.0,741.0,0,1000,0
739,739,0.16228920000139624,15.0,742.0,0,1000,0
740,740,0.16254940000362694,15.0,743.0,0,1000,0
741,741,0.16281150002032518,15.0,744.0,0,1000,0
742,742,0.1630730000033509,15.0,745.0,0,1000,0
743,743,0.1633363000000827,15.0,746.0,0,1000,0
744,744,0.1635983000160195,15.0,747.0,0,1000,0
745,745,0.1638892000191845,15.0,748.0,0,1000,0
746,746,0.1641457000223454,15.0,749.0,0,1000,0
747,747,0.16440450001391582,15.0,750.0,0,1000,0
748,748,0.16466330000548624,15.0,751.0,0,1000,0
749,749,0.1649238000100013,15.0,752.0,0,1000,0
750,750,0.16518120002001524,15.0,753.0,0,1000,0
751,751,0.1654442000144627,15.0,754.0,0,1000,0
752,752,0.16570680000586435,15.0,755.0,0,1000,0
753,753,0.16597010000259615,15.0,756.0,0,1000,0
754,754,0.16623130001244135,15.0,757.0,0,1000,0
755,755,0.16649309999775141,15.0,758.0,0,1000,0
756,756,0.16675400000531226,15.0,759.0,0,1000,0
757,757,0.16701250002370216,15.0,760.0,0,1000,0
758,758,0.16726980000385083,15.0,761.0,0,1000,0
759,759,0.16752760001691058,15.0,762.0,0,1000,0
760,760,0.16780300001846626,15.0,763.0,0,1000,0
761,761,0.16810010001063347,15.0,764.0,0,1000,0
762,762,0.16835720001836307,15.0,765.0,0,1000,0
763,763,0.1686152000038419,15.0,766.0,0,1000,0
764,764,0.16887429999769665,15.0,767.0,0,1000,0
765,765,0.1691348000022117,15.0,768.0,0,1000,0
766,766,0.1693937000236474,15.0,769.0,0,1000,0
767,767,0.16965260001597926,15.0,770.0,0,1000,0
768,768,0.1699205000186339,15.0,771.0,0,1000,0
769,769,0.17021440001553856,15.0,772.0,0,1000,0
770,770,0.17049540000152774,15.0,773.0,0,1000,0
771,771,0.17075680001289584,15.0,774.0,0,1000,0
772,772,0.1710167000128422,15.0,775.0,0,1000,0
773,773,0.17128780001075938,15.0,776.0,0,1000,0
774,774,0.1715507000044454,15.0,777.0,0,1000,0
775,775,0.17181690002325922,15.0,778.0,0,1000,0
776,776,0.17207200001575984,15.0,779.0,0,1000,0
777,777,0.17232910002348945,15.0,780.0,0,1000,0
778,778,0.1725847000197973,15.0,781.0,0,1000,0
779,779,0.17284730001119897,15.0,782.0,0,1000,0
780,780,0.17310939999879338,15.0,783.0,0,1000,0
781,781,0.17337220002082177,15.0,784.0,0,1000,0
782,782,0.17363370000384748,15.0,785.0,0,1000,0
783,783,0.17389490001369268,15.0,786.0,0,1000,0
784,784,0.1741565999982413,15.0,787.0,0,1000,0
785,785,0.17441890001646243,15.0,788.0,0,1000,0
786,786,0.17468220001319423,15.0,789.0,0,1000,0
787,787,0.1749450000061188,15.0,790.0,0,1000,0
788,788,0.1752087000058964,15.0,791.0,0,1000,0
789,789,0.1754720000026282,15.0,792.0,0,1000,0
790,790,0.17573580000316724,15.0,793.0,0,1000,0
791,791,0.17599950000294484,15.0,794.0,0,1000,0
792,792,0.17626400000881404,15.0,795.0,0,1000,0
793,793,0.17652880001696758,15.0,796.0,0,1000,0
794,794,0.17679389999830164,15.0,797.0,0,1000,0
795,795,0.1770579000003636,15.0,798.0,0,1000,0
796,796,0.17732290001004003,15.0,799.0,0,1000,0
797,797,0.17758760001743212,15.0,800.0,0,1000,0
798,798,0.17785200002253987,15.0,801.0,0,1000,0
799,799,0.17811700000311248,15.0,802.0,0,1000,0
800,800,0.17838220001431182,15.0,803.0,0,1000,0
801,801,0.17864560001180507,15.0,804.0,0,1000,0
802,802,0.17890940001234412,15.0,805.0,0,1000,0
803,803,0.17917499999748543,15.0,806.0,0,1000,0
804,804,0.1794413000170607,15.0,807.0,0,1000,0
805,805,0.17971060000127181,15.0,808.0,0,1000,0
806,806,0.17997850000392646,15.0,809.0,0,1000,0
807,807,0.1802458000020124,15.0,810.0,0,1000,0
808,808,0.1805117000185419,15.0,811.0,0,1000,0
809,809,0.1807771000021603,15.0,812.0,0,1000,0
810,810,0.18104380002478138,15.0,813.0,0,1000,0
811,811,0.18131050001829863,15.0,814.0,0,1000,0
812,812,0.18157899999641813,15.0,815.0,0,1000,0
813,813,0.18184530001599342,15.0,816.0,0,1000,0
814,814,0.18211130000418052,15.0,817.0,0,1000,0
815,815,0.18237870000302792,15.0,818.0,0,1000,0
816,816,0.18264549999730662,15.0,819.0,0,1000,0
817,817,0.18291250002221204,15.0,820.0,0,1000,0
818,818,0.1831784000096377,15.0,821.0,0,1000,0
819,819,0.18344650001381524,15.0,822.0,0,1000,0
820,820,0.18371959999785759,15.0,823.0,0,1000,0
821,821,0.18401340002310462,15.0,824.0,0,1000,0
822,822,0.18429289999767207,15.0,825.0,0,1000,0
823,823,0.1845679999969434,15.0,826.0,0,1000,0
824,824,0.18483700000797398,15.0,827.0,0,1000,0
825,825,0.18510750000132248,15.0,828.0,0,1000,0
826,826,0.18537580000702292,15.0,829.0,0,1000,0
827,827,0.1856452000210993,15.0,830.0,0,1000,0
828,828,0.185915300011402,15.0,831.0,0,1000,0
829,829,0.18618650001008064,15.0,832.0,0,1000,0
830,830,0.18645760000799783,15.0,833.0,0,1000,0
831,831,0.18674620002275333,15.0,834.0,0,1000,0
832,832,0.1870395000150893,15.0,835.0,0,1000,0
833,833,0.18731700000353158,15.0,836.0,0,1000,0
834,834,0.18758930001058616,15.0,837.0,0,1000,0
835,835,0.18788310000672936,15.0,838.0,0,1000,0
836,836,0.18815400000312366,15.0,839.0,0,1000,0
837,837,0.18842489999951795,15.0,840.0,0,1000,0
838,838,0.18869560002349317,15.0,841.0,0,1000,0
839,839,0.1889666000206489,15.0,842.0,0,1000,0
840,840,0.1892375000170432,15.0,843.0,0,1000,0
841,841,0.1895100999972783,15.0,844.0,0,1000,0
842,842,0.18978620000416413,15.0,845.0,0,1000,0
843,843,0.1900603000249248,15.0,846.0,0,1000,0
844,844,0.19034100000862963,15.0,847.0,0,1000,0
845,845,0.19061950000468642,15.0,848.0,0,1000,0
846,846,0.19089830000302754,15.0,849.0,0,1000,0
847,847,0.19117800000822172,15.0,850.0,0,1000,0
848,848,0.19145660000503995,15.0,851.0,0,1000,0
849,849,0.19173740001861006,15.0,852.0,0,1000,0
850,850,0.19203010000637732,15.0,853.0,0,1000,0
851,851,0.1923102000146173,15.0,854.0,0,1000,0
852,852,0.19258860000991262,15.0,855.0,0,1000,0
853,853,0.19286800001282245,15.0,856.0,0,1000,0
854,854,0.19314100002520718,15.0,857.0,0,1000,0
855,855,0.19341580002219416,15.0,858.0,0,1000,0
856,856,0.1936895000108052,15.0,859.0,0,1000,0
857,857,0.19396420000703074,15.0,860.0,0,1000,0
858,858,0.19423809999716468,15.0,861.0,0,1000,0
859,859,0.19451280002249405,15.0,862.0,0,1000,0
860,860,0.19478700001491234,15.0,863.0,0,1000,0
861,861,0.19506420000107028,15.0,864.0,0,1000,0
862,862,0.1953393000003416,15.0,865.0,0,1000,0
863,863,0.19561370002338663,15.0,866.0,0,1000,0
864,864,0.19588990000193007,15.0,867.0,0,1000,0
865,865,0.19617120001930743,15.0,868.0,0,1000,0
866,866,0.19645210000453517,15.0,869.0,0,1000,0
867,867,0.19673260001582094,15.0,870.0,0,1000,0
868,868,0.19701530001475476,15.0,871.0,0,1000,0
869,869,0.1972961999999825,15.0,872.0,0,1000,0
870,870,0.19757150000077672,15.0,873.0,0,1000,0
871,871,0.19784610002534464,15.0,874.0,0,1000,0
872,872,0.1981214999977965,15.0,875.0,0,1000,0
873,873,0.19839700000011362,15.0,876.0,0,1000,0
874,874,0.19867390001309104,15.0,877.0,0,1000,0
875,875,0.19895050002378412,15.0,878.0,0,1000,0
876,876,0.19923220001510344,15.0,879.0,0,1000,0
877,877,0.1995154000178445,15.0,880.0,0,1000,0
878,878,0.19979920002515428,15.0,881.0,0,1000,0
879,879,0.2000977999996394,15.0,882.0,0,1000,0
880,880,0.20039420001558028,15.0,883.0,0,1000,0
881,881,0.2006794000044465,15.0,884.0,0,1000,0
882,882,0.20096680001006462,15.0,885.0,0,1000,0
883,883,0.20124970001052134,15.0,886.0,0,1000,0
884,884,0.20152790000429377,15.0,887.0,0,1000,0
885,885,0.20180599999730475,15.0,888.0,0,1000,0
886,886,0.20208600000478327,15.0,889.0,0,1000,0
887,887,0.20236720002139919,15.0,890.0,0,1000,0
888,888,0.20265930000459775,15.0,891.0,0,1000,0
889,889,0.2029614000057336,15.0,892.0,0,1000,0
890,890,0.20324740000069141,15.0,893.0,0,1000,0
891,891,0.20359690001350828,15.0,894.0,0,1000,0
892,892,0.20389810000779107,15.0,895.0,0,1000,0
893,893,0.2041847000073176,15.0,896.0,0,1000,0
894,894,0.20451380001031794,15.0,897.0,0,1000,0
895,895,0.20481930000823922,15.0,898.0,0,1000,0
896,896,0.20510530000319704,15.0,899.0,0,1000,0
897,897,0.2053926000080537,15.0,900.0,0,1000,0
898,898,0.2056814000243321,15.0,901.0,0,1000,0
899,899,0.20597450001514517,15.0,902.0,0,1000,0
900,900,0.20626900001661852,15.0,903.0,0,1000,0
901,901,0.20655920001445338,15.0,904.0,0,1000,0
902,902,0.20686590002151206,15.0,905.0,0,1000,0
903,903,0.20715510001173243,15.0,906.0,0,1000,0
904,904,0.2074486000055913,15.0,907.0,0,1000,0
905,905,0.20774390001315624,15.0,908.0,0,1000,0
906,906,0.2080353000201285,15.0,909.0,0,1000,0
907,907,0.20832269999664277,15.0,910.0,0,1000,0
908,908,0.20861130001139827,15.0,911.0,0,1000,0
909,909,0.20890680002048612,15.0,912.0,0,1000,0
910,910,0.20920150002348237,15.0,913.0,0,1000,0
911,911,0.20949440001277253,15.0,914.0,0,1000,0
912,912,0.2097846000106074,15.0,915.0,0,1000,0
913,913,0.2100747000076808,15.0,916.0,0,1000,0
914,914,0.21037100002286024,15.0,917.0,0,1000,0
915,915,0.21066770001198165,15.0,918.0,0,1000,0
916,916,0.2109558000229299,15.0,919.0,0,1000,0
917,917,0.2112401000049431,15.0,920.0,0,1000,0
918,918,0.21152880002046004,15.0,921.0,0,1000,0
919,919,0.21182140000746585,15.0,922.0,0,1000,0
920,920,0.2121511000150349,15.0,923.0,0,1000,0
921,921,0.21246500001871027,15.0,924.0,0,1000,0
922,922,0.2127567999996245,15.0,925.0,0,1000,0
923,923,0.2130446000082884,15.0,926.0,0,1000,0
924,924,0.21333150001009926,15.0,927.0,0,1000,0
925,925,0.21361710000201128,15.0,928.0,0,1000,0
926,926,0.21390250002150424,15.0,929.0,0,1000,0
927,927,0.2141894000233151,15.0,930.0,0,1000,0
928,928,0.21447620002436452,15.0,931.0,0,1000,0
929,929,0.21476250002160668,15.0,932.0,0,1000,0
930,930,0.21504979999735951,15.0,933.0,0,1000,0
931,931,0.21533760000602342,15.0,934.0,0,1000,0
932,932,0.21563010002137162,15.0,935.0,0,1000,0
933,933,0.2159183000039775,15.0,936.0,0,1000,0
934,934,0.2162192999967374,15.0,937.0,0,1000,0
935,935,0.21650760000920855,15.0,938.0,0,1000,0
936,936,0.2167943000094965,15.0,939.0,0,1000,0
937,937,0.21708280002349056,15.0,940.0,0,1000,0
938,938,0.2173707000038121,15.0,941.0,0,1000,0
939,939,0.21765900001628324,15.0,942.0,0,1000,0
940,940,0.21794560001580976,15.0,943.0,0,1000,0
941,941,0.21823430000222288,15.0,944.0,0,1000,0
942,942,0.21852290001697838,15.0,945.0,0,1000,0
943,943,0.21881230000872165,15.0,946.0,0,1000,0
944,944,0.21910300001036376,15.0,947.0,0,1000,0
945,945,0.21939350001048297,15.0,948.0,0,1000,0
946,946,0.21968290000222623,15.0,949.0,0,1000,0
947,947,0.219992700003786,15.0,950.0,0,1000,0
948,948,0.22030370001448318,15.0,951.0,0,1000,0
949,949,0.22059550002450123,15.0,952.0,0,1000,0
950,950,0.22087900000042282,15.0,953.0,0,1000,0
951,951,0.22116420001839288,15.0,954.0,0,1000,0
952,952,0.22145240000099875,15.0,955.0,0,1000,0
953,953,0.2217411000165157,15.0,956.0,0,1000,0
954,954,0.22202950000064448,15.0,957.0,0,1000,0
955,955,0.22232050000457093,15.0,958.0,0,1000,0
956,956,0.22261029999936,15.0,959.0,0,1000,0
957,957,0.2229018000070937,15.0,960.0,0,1000,0
958,958,0.22319300001254305,15.0,961.0,0,1000,0
959,959,0.22348539999802597,15.0,962.0,0,1000,0
960,960,0.22378090000711381,15.0,963.0,0,1000,0
961,961,0.22407190001104027,15.0,964.0,0,1000,0
962,962,0.22436350001953542,15.0,965.0,0,1000,0
963,963,0.22465400001965463,15.0,966.0,0,1000,0
964,964,0.2249454999982845,15.0,967.0,0,1000,0
965,965,0.22523790001287125,15.0,968.0,0,1000,0
966,966,0.22553049999987707,15.0,969.0,0,1000,0
967,967,0.22582200000761077,15.0,970.0,0,1000,0
968,968,0.22611590000451542,15.0,971.0,0,1000,0
969,969,0.22640949999913573,15.0,972.0,0,1000,0
970,970,0.22670230001676828,15.0,973.0,0,1000,0
971,971,0.2269947000022512,15.0,974.0,0,1000,0
972,972,0.22728790002292953,15.0,975.0,0,1000,0
973,973,0.22758480001357384,15.0,976.0,0,1000,0
974,974,0.2278791000135243,15.0,977.0,0,1000,0
975,975,0.22817830002168193,15.0,978.0,0,1000,0
976,976,0.22847810000530444,15.0,979.0,0,1000,0
977,977,0.22877740001422353,15.0,980.0,0,1000,0
978,978,0.22907700002542697,15.0,981.0,0,1000,0
979,979,0.22937700001057237,15.0,982.0,0,1000,0
980,980,0.22968740001670085,15.0,983.0,0,1000,0
981,981,0.2299907999986317,15.0,984.0,0,1000,0
982,982,0.23029000000678934,15.0,985.0,0,1000,0
983,983,0.23058730000047944,15.0,986.0,0,1000,0
984,984,0.2308832000126131,15.0,987.0,0,1000,0
985,985,0.23119280001264997,15.0,988.0,0,1000,0
986,986,0.23149560001911595,15.0,989.0,0,1000,0
987,987,0.2317975000187289,15.0,990.0,0,1000,0
988,988,0.23210069999913685,15.0,991.0,0,1000,0
989,989,0.23240440001245588,15.0,992.0,0,1000,0
990,990,0.23270740002044477,15.0,993.0,0,1000,0
991,991,0.23301060000085272,15.0,994.0,0,1000,0
992,992,0.23331450001569465,15.0,995.0,0,1000,0
993,993,0.23361710002063774,15.0,996.0,0,1000,0
994,994,0.23392330002388917,15.0,997.0,0,1000,0
995,995,0.23422110002138652,15.0,998.0,0,1000,0
996,996,0.23451989999739453,15.0,999.0,0,1000,0
997,997,0.23481680001714267,15.0,1000.0,0,1000,0
998,998,0.23511700000381097,15.0,1001.0,0,1000,0
999,999,0.23547000001417473,15.0,1002.0,0,1000,0
1000,1000,0.2357796000142116,15.0,1003.0,0,1000,0
